time,loss,ACC@1,ACC@5,Macro-R,Macro-P,Macro-F1
3.2116901874542236,4.325593162805606,0.051167582417582416,0.15642170378795037,0.0397813945932675,0.005565954367991057,0.008406073012627212
2.4898605346679688,4.048860828081767,0.05065247252747253,0.17599587944837716,0.04178325389071735,0.007905982186545635,0.009923232797449331
2.536172866821289,3.9809553164702196,0.050824175824175824,0.1729052204352159,0.04211738972637368,0.005896897510589004,0.008412073771761739
