time,loss,ACC@1,ACC@5,Macro-R,Macro-P,Macro-F1
3.0470550060272217,3.995826922930204,0.0362293956043956,0.17118818714068487,0.035333861295399754,0.013007838463616252,0.012137604042947848
2.4515631198883057,3.925878659272805,0.03743131868131868,0.1825206050506005,0.02856453870667917,0.007161364076118106,0.008741421129193953
2.440141439437866,3.9107214029018698,0.03863324175824176,0.17135989035551363,0.03440373419470409,0.007897183750218903,0.008418297808578027
2.4450178146362305,3.9051519326674633,0.03021978021978022,0.1883585166472655,0.02240979985611212,0.0035290196324714715,0.005839120174748034
2.437311887741089,3.884895749581166,0.04842032967032967,0.18715659357034242,0.035180136334422546,0.006892240344942883,0.0077121513643079375
2.4134061336517334,3.8806242728844667,0.04103708791208792,0.20192307692307693,0.035378439224593064,0.009979398604310187,0.011021411510604599
